,ERS-72 - Request status update ,ERS-71 - Approve or reject request ,ERS-70 - Request Update functionality ,ERS-66 - ER request submission ,ERS-56 - Login Functionality ,ERS-54 - Employee Reimbursement Request ,ERS-13 - Save as PNG ,ERS-11 - Payment Confirmations ,ERS-10 - Payment Methods ,ERS-6 - Blocking app due to login 3 times failed ,ERS-2 - Login methods (Login and password) ,ERS-1 - Login methods 
ERS-72 - Request status update ,,,,,,,,,,,,
ERS-71 - Approve or reject request ,,,,,,,,,,,,
ERS-70 - Request Update functionality ,,,,,,,,,,,,
ERS-66 - ER request submission ,,,,,,,,,,,,
ERS-56 - Login Functionality ,,,,,,,,,,,,
ERS-54 - Employee Reimbursement Request ,,,,,,,,,,,,
ERS-13 - Save as PNG ,,,,,,,,child of / parent of,,,,
ERS-11 - Payment Confirmations ,,,,,,,parent of / child of,,,,,
ERS-10 - Payment Methods ,,,,,,,,,,,,
ERS-6 - Blocking app due to login 3 times failed ,,,,,,,,,,,,child of / parent of
ERS-2 - Login methods (Login and password) ,,,,,,,,,,,,child of / parent of
ERS-1 - Login methods ,,,,,,,,,,parent of / child of,parent of / child of,